benchmark,step,status,n_problems,n_samples,acc_base,acc_now,mean_conf_all,mean_conf_wrong_now,mean_conf_wrong_base,conf_wrong_delta
aime24,10,gained,1,4,0.25,0.5,0.475,0.0,0.3333333333333333,-0.3333333333333333
aime24,10,regressed,1,4,0.75,0.25,1.0,1.0,1.0,0.0
aime24,10,retained,6,24,0.7916666666666666,0.875,0.9370833333333334,0.65,0.58,0.07000000000000006
aime24,10,still_wrong,22,88,0.022727272727272728,0.03409090909090909,0.4543181818181818,0.43588235294117644,0.5356976744186047,-0.09981532147742828
aime24,20,regressed,1,4,0.75,0.25,0.975,0.9666666666666667,1.0,-0.033333333333333326
aime24,20,retained,6,24,0.7916666666666666,0.7916666666666666,0.9720833333333334,0.9700000000000001,0.58,0.3900000000000001
aime24,20,still_wrong,23,92,0.03260869565217391,0.043478260869565216,0.4641304347826086,0.44090909090909086,0.528876404494382,-0.08796731358529114
aime24,30,gained,3,12,0.08333333333333333,0.5833333333333334,0.8858333333333333,0.7699999999999999,0.7090909090909091,0.0609090909090908
aime24,30,regressed,1,4,0.5,0.25,0.75,0.6666666666666666,0.475,0.19166666666666665
aime24,30,retained,6,24,0.8333333333333334,0.8333333333333334,0.8945833333333333,0.5,0.7375,-0.23750000000000004
aime24,30,still_wrong,20,80,0.025,0.025,0.57175,0.5620512820512821,0.5034615384615385,0.05858974358974356
aime24,40,gained,2,8,0.125,0.5,0.71875,0.4875,0.5542857142857143,-0.06678571428571428
aime24,40,retained,7,28,0.7857142857142857,0.8214285714285714,0.9446428571428571,0.78,0.65,0.13
aime24,40,still_wrong,21,84,0.023809523809523808,0.03571428571428571,0.5672619047619049,0.5518518518518519,0.5267073170731708,0.02514453477868117
aime24,50,gained,2,8,0.0,0.5,0.8625,0.7375,0.735,0.0025000000000000577
aime24,50,regressed,1,4,0.75,0.25,1.0,1.0,1.0,0.0
aime24,50,retained,6,24,0.7916666666666666,0.9166666666666666,0.9354166666666668,0.5,0.58,-0.07999999999999996
aime24,50,still_wrong,21,84,0.03571428571428571,0.023809523809523808,0.446547619047619,0.4342682926829268,0.5085185185185186,-0.07425022583559177
aime24,60,gained,2,8,0.125,0.5,0.73125,0.4875,0.42857142857142855,0.05892857142857144
aime24,60,retained,7,28,0.7857142857142857,0.8571428571428571,0.9457142857142857,0.7375,0.65,0.08750000000000002
aime24,60,still_wrong,21,84,0.023809523809523808,0.03571428571428571,0.5200000000000001,0.5028395061728396,0.537439024390244,-0.03459951821740448
aime24,70,regressed,3,12,0.6666666666666666,0.25,0.6541666666666667,0.5444444444444445,0.4875,0.05694444444444452
aime24,70,retained,4,16,0.875,0.875,0.965625,0.95,0.975,-0.025000000000000022
aime24,70,still_wrong,23,92,0.03260869565217391,0.0,0.5153260869565217,0.5153260869565217,0.528876404494382,-0.01355031753786029
amc24,10,gained,3,6,0.0,0.5,0.9666666666666668,0.9666666666666667,0.9500000000000001,0.016666666666666607
amc24,10,regressed,3,6,0.5,0.0,0.7833333333333332,0.7833333333333332,0.65,0.1333333333333332
amc24,10,retained,24,48,0.7916666666666666,0.8125,0.950625,0.7666666666666667,0.6779999999999999,0.08866666666666678
amc24,10,still_wrong,15,30,0.0,0.0,0.6463333333333332,0.6463333333333332,0.6706666666666666,-0.02433333333333343
amc24,20,gained,1,2,0.0,1.0,1.0,,1.0,
amc24,20,regressed,3,6,0.5,0.0,0.9750000000000001,0.9750000000000001,0.6666666666666666,0.30833333333333346
amc24,20,retained,24,48,0.7916666666666666,0.8125,0.9083333333333333,0.5477777777777777,0.6729999999999999,-0.12522222222222223
amc24,20,still_wrong,17,34,0.0,0.0,0.7320588235294118,0.7320588235294118,0.7005882352941176,0.03147058823529414
amc24,30,gained,1,2,0.0,0.5,0.5,0.0,1.0,-1.0
amc24,30,regressed,4,8,0.5,0.0,0.725,0.725,0.495,0.22999999999999998
amc24,30,retained,23,46,0.8043478260869565,0.8260869565217391,0.9271739130434784,0.625,0.75,-0.125
amc24,30,still_wrong,17,34,0.0,0.0,0.6805882352941177,0.6805882352941177,0.7005882352941176,-0.019999999999999907
amc24,40,gained,2,4,0.0,0.5,0.9750000000000001,0.975,0.9750000000000001,-1.1102230246251565e-16
amc24,40,regressed,2,4,0.5,0.0,0.7375,0.7375,0.5,0.23750000000000004
amc24,40,retained,25,50,0.78,0.84,0.9510000000000001,0.7375,0.7027272727272726,0.0347727272727274
amc24,40,still_wrong,16,32,0.0,0.0,0.6656249999999999,0.6656249999999999,0.685,-0.019375000000000142
amc24,50,gained,3,6,0.0,0.5,0.8083333333333335,0.65,0.9666666666666668,-0.31666666666666676
amc24,50,regressed,4,8,0.5,0.0,0.71875,0.71875,0.725,-0.006249999999999978
amc24,50,retained,23,46,0.8043478260869565,0.8260869565217391,0.9069565217391304,0.49375,0.6477777777777778,-0.15402777777777776
amc24,50,still_wrong,15,30,0.0,0.0,0.7029999999999998,0.7029999999999998,0.6673333333333332,0.035666666666666624
amc24,60,gained,1,2,0.0,0.5,1.0,1.0,1.0,0.0
amc24,60,regressed,2,4,0.5,0.0,0.995,0.995,0.99,0.0050000000000000044
amc24,60,retained,25,50,0.78,0.84,0.9250000000000002,0.60625,0.6136363636363636,-0.007386363636363691
amc24,60,still_wrong,17,34,0.0,0.0,0.7070588235294117,0.7070588235294117,0.7005882352941176,0.006470588235294117
amc24,70,gained,3,6,0.0,0.5,0.8166666666666668,0.6666666666666666,0.9816666666666668,-0.31500000000000017
amc24,70,regressed,8,16,0.625,0.0,0.61375,0.61375,0.4916666666666667,0.12208333333333332
amc24,70,retained,19,38,0.8157894736842105,0.868421052631579,0.9868421052631581,0.97,0.8257142857142857,0.14428571428571424
amc24,70,still_wrong,15,30,0.0,0.0,0.7166666666666667,0.7166666666666667,0.6643333333333332,0.052333333333333454
math500,10,gained,2,4,0.0,0.5,0.9750000000000001,0.95,0.75,0.19999999999999996
math500,10,regressed,3,6,0.6666666666666666,0.0,0.8166666666666668,0.8166666666666668,0.5,0.31666666666666676
math500,10,retained,83,166,0.9337349397590361,0.963855421686747,0.9956626506024094,1.0,0.8181818181818182,0.18181818181818177
math500,10,still_wrong,12,24,0.0,0.0,0.7416666666666667,0.7416666666666667,0.74375,-0.002083333333333326
math500,20,gained,1,2,0.0,0.5,1.0,1.0,1.0,0.0
math500,20,regressed,3,6,0.6666666666666666,0.0,0.9800000000000001,0.9800000000000001,1.0,-0.019999999999999907
math500,20,retained,83,166,0.9337349397590361,0.9518072289156626,0.9828313253012047,0.8625,0.7272727272727273,0.13522727272727275
math500,20,still_wrong,13,26,0.0,0.0,0.7269230769230769,0.7269230769230769,0.7250000000000001,0.0019230769230768052
math500,30,gained,2,4,0.0,0.5,0.7375,0.5,0.75,-0.25
math500,30,regressed,4,8,0.625,0.0,0.85375,0.85375,0.6666666666666666,0.18708333333333338
math500,30,retained,82,164,0.9390243902439024,0.9634146341463414,0.9903048780487803,0.8250000000000001,0.8,0.025000000000000022
math500,30,still_wrong,12,24,0.0,0.0,0.78125,0.78125,0.74375,0.03749999999999998
math500,40,gained,3,6,0.0,0.6666666666666666,1.0,1.0,0.6666666666666666,0.33333333333333337
math500,40,regressed,3,6,0.6666666666666666,0.0,0.8166666666666668,0.8166666666666668,0.5,0.31666666666666676
math500,40,retained,83,166,0.9337349397590361,0.9397590361445783,0.9831325301204819,0.79,0.8181818181818182,-0.028181818181818197
math500,40,still_wrong,11,22,0.0,0.0,0.7227272727272728,0.7227272727272728,0.765909090909091,-0.04318181818181821
math500,50,gained,2,4,0.0,0.75,0.9875,1.0,0.5,0.5
math500,50,regressed,3,6,0.6666666666666666,0.0,0.9716666666666668,0.9716666666666668,0.5,0.4716666666666668
math500,50,retained,83,166,0.9337349397590361,0.963855421686747,0.9903614457831323,0.8250000000000001,0.8181818181818182,0.006818181818181834
math500,50,still_wrong,12,24,0.0,0.0,0.8270833333333334,0.8270833333333334,0.7854166666666668,0.04166666666666663
math500,60,gained,1,2,0.0,0.5,0.5,0.0,0.5,-0.5
math500,60,regressed,3,6,0.6666666666666666,0.0,0.8333333333333334,0.8333333333333334,0.5,0.33333333333333337
math500,60,retained,83,166,0.9337349397590361,0.963855421686747,0.9932530120481927,0.9883333333333333,0.8181818181818182,0.17015151515151505
math500,60,still_wrong,13,26,0.0,0.0,0.7980769230769231,0.7980769230769231,0.7634615384615385,0.0346153846153846
math500,70,gained,3,6,0.0,0.5,0.9833333333333334,0.9833333333333334,0.8333333333333334,0.15000000000000002
math500,70,regressed,3,6,0.6666666666666666,0.0,0.8166666666666668,0.8166666666666668,0.5,0.31666666666666676
math500,70,retained,83,166,0.9337349397590361,0.963855421686747,0.994578313253012,0.9833333333333334,0.8181818181818182,0.16515151515151516
math500,70,still_wrong,11,22,0.0,0.0,0.8068181818181818,0.8068181818181818,0.7204545454545455,0.08636363636363631
